nerr_site_id,station_code,station_name,lat_long,latitude,longitude,status,active_dates,state,reserve_name,params_reported,real_time
ace,acebbnut,Big Bay,"32° 29' 38.76 N, 80° 19' 26.76 W",32.4941,80.3241,Inactive,Feb 2002-Dec 2014,sc,Ashepoo Combahee Edisto Basin,"no23f,po4f,chla_n,no3f,no2f,nh4f",
ace,acebbwq,Big Bay,"32° 29' 38.76 N, 80° 19' 26.76 W",32.4941,80.3241,Inactive,Mar 1995-Dec 2014,sc,Ashepoo Combahee Edisto Basin,"temp,spcond,sal,do_pct,do_mgl,depth,ph,turb",
ace,acebpmet,Bennett's Point,"32° 33' 33.64 N, 80° 27' 16.41 W",32.559344,80.454558,Active,Mar 2001-,sc,Ashepoo Combahee Edisto Basin,"atemp,rh,bp,wspd,maxwspd,maxwspdt,wdir,sdwdir,totprcp,totpar,cumprcp",R
ace,acefcnut,Fishing Creek,"32° 38' 9.35 N, 80° 21' 56.02 W",32.63593,80.36556,Active,Mar 2002 -,sc,Ashepoo Combahee Edisto Basin,"no23f,po4f,chla_n,no3f,no2f,nh4f",
ace,acefcwq,Fishing Creek,"32° 38' 9.35 N, 80° 21' 56.02 W",32.63593,80.36556,Active,Oct 2002-,sc,Ashepoo Combahee Edisto Basin,"temp,spcond,sal,do_pct,do_mgl,depth,ph,turb",
ace,acemcnut,Mosquito Creek,"32° 33' 20.88 N, 80° 26' 16.80 W",32.5558,80.438,Active,Mar 2002-,sc,Ashepoo Combahee Edisto Basin,"no23f,po4f,chla_n,no3f,no2f,nh4f",
ace,acemcwq,Mosquito Creek,"32° 33' 20.88 N, 80° 26' 16.80 W",32.5558,80.438,Active,Oct 2002-,sc,Ashepoo Combahee Edisto Basin,"temp,spcond,sal,do_pct,do_mgl,depth,ph,turb",
ace,acercwq,Rock Creek,"32° 32' 54.60 N, 80° 30' 12.96 W",32.5485,80.5036,Inactive,Mar 1996-May 1996,sc,Ashepoo Combahee Edisto Basin,"temp,spcond,sal,do_pct,do_mgl,depth,ph,turb",
ace,acespnut,St. Pierre,"32° 31' 40.80 N, 80° 21' 41.18 W",32.528,80.36144,Active,Jan 2002-,sc,Ashepoo Combahee Edisto Basin,"no23f,po4f,chla_n,no3f,no2f,nh4f",
ace,acespwq,St. Pierre,"32° 31' 40.80 N, 80° 21' 41.18 W",32.528,80.36144,Active,Mar 1995-,sc,Ashepoo Combahee Edisto Basin,"temp,spcond,sal,do_pct,do_mgl,depth,ph,turb",R
apa,apacpnut,Cat Point,"29° 42' 7.68 N, 84° 52' 48.72 W",29.7021,84.8802,Active,Apr 2002-,fl,Apalachicola Bay,"po4f,nh4f,no2f,no3f,no23f,chla_n",
apa,apacpwq,Cat Point,"29° 42' 7.68 N, 84° 52' 48.72 W",29.7021,84.8802,Active,Jan 2002-,fl,Apalachicola Bay,"temp,spcond,sal,do_pct,do_mgl,depth,ph,turb",
apa,apadbnut,Dry Bar,"29° 40' 28.92 N, 85° 3' 29.88 W",29.6747,85.0583,Active,Apr 2002-,fl,Apalachicola Bay,"po4f,nh4f,no2f,no3f,no23f,chla_n",
apa,apadbwq,Dry Bar,"29° 40' 28.92 N, 85° 3' 29.88 W",29.6747,85.0583,Active,Jan 2002-,fl,Apalachicola Bay,"temp,spcond,sal,do_pct,do_mgl,depth,ph,turb,chlfluor",
apa,apaebmet,East Bay,"29° 46' 9.78 N, 84° 52' 53.35 W",29.7693833,84.8814861,Active,Jan 2001-,fl,Apalachicola Bay,"atemp,rh,bp,wspd,maxwspd,maxwspdt,wdir,sdwdir,totprcp,totpar,cumprcp",R
apa,apaebnut,East Bay Bottom,"29° 47' 8.88 N, 84° 52' 30.72 W",29.7858,84.8752,Active,Apr 2002-,fl,Apalachicola Bay,"po4f,nh4f,no2f,no3f,no23f,chla_n",
apa,apaebwq,East Bay Bottom,"29° 47' 8.88 N, 84° 52' 30.72 W",29.7858,84.8752,Active,May 1995-,fl,Apalachicola Bay,"temp,spcond,sal,do_pct,do_mgl,depth,ph,turb",R
apa,apaegnut,East Bay Bridge,"29° 43' 50.88 N, 84° 56' 42.72 W",29.7308,84.9452,Active,Apr 2002-,fl,Apalachicola Bay,"po4f,nh4f,no2f,no3f,no23f,chla_n",
apa,apaesnut,East Bay Surface,"29° 47' 8.88 N, 84° 52' 30.72 W",29.7858,84.8752,Active,Apr 2002-,fl,Apalachicola Bay,"po4f,nh4f,no2f,no3f,no23f,chla_n",
apa,apaeswq,East Bay Surface,"29° 47' 8.88 N, 84° 52' 30.72 W",29.7858,84.8752,Active,Apr 1995-,fl,Apalachicola Bay,"temp,spcond,sal,do_pct,do_mgl,depth,ph,turb",
apa,apambnut,Mid Bay,"29° 40' 3.72 N, 84° 59' 38.40 W",29.6677,84.994,Active,Apr 2002-,fl,Apalachicola Bay,"po4f,nh4f,no2f,no3f,no23f,chla_n",
apa,apanhnut,Nicks Hole,"29° 39' 1.44 N, 84° 55' 44.04 W",29.6504,84.9289,Active,Apr 2002-,fl,Apalachicola Bay,"po4f,nh4f,no2f,no3f,no23f,chla_n",
apa,apapcnut,Pilots Cove,"29° 36' 28.44 N, 85° 1' 10.56 W",29.6079,85.0196,Active,Apr 2002-,fl,Apalachicola Bay,"po4f,nh4f,no2f,no3f,no23f,chla_n",
apa,aparvnut,River,"29° 46' 44.76 N, 85° 2' 36.24 W",29.7791,85.0434,Active,Apr 2002-,fl,Apalachicola Bay,"po4f,nh4f,no2f,no3f,no23f,chla_n",
apa,apascnut,Sikes Cut,"29° 36' 24.12 N, 84° 56' 48.12 W",29.6067,84.9467,Active,Apr 2002-,fl,Apalachicola Bay,"po4f,nh4f,no2f,no3f,no23f,chla_n",
apa,apawpnut,West Pass,"29° 38' 16.44 N, 85° 5' 20.40 W",29.6379,85.089,Active,Apr 2002-,fl,Apalachicola Bay,"po4f,nh4f,no2f,no3f,no23f,chla_n",
cbm,cbmipnut,Iron Pot Landing,"38° 47' 45.60 N, 76° 43' 14.88 W",38.796,76.7208,Active,Apr 2003-,md,Chesapeake Bay,"no23f,po4f,chla_n,no3f,no2f,nh4f",
cbm,cbmipwq,Iron Pot Landing,"38° 47' 45.60 N, 76° 43' 14.88 W",38.796,76.7208,Active,Apr 2003-,md,Chesapeake Bay,"temp,spcond,sal,do_pct,do_mgl,depth,ph,turb,chlfluor",
cbm,cbmjbmet,Jug Bay,"38° 46' 50.76 N, 76° 42' 29.52 W",38.7807667,76.7082,Active,Jul 2003-,md,Chesapeake Bay,"atemp,rh,bp,wspd,maxwspd,maxwspdt,wdir,sdwdir,totprcp,totpar,cumprcp",R
cbm,cbmjbwq,Jug Bay,"38° 46' 45.12 N, 76° 42' 27.72 W",38.7792,76.7077,Inactive,Jul 1995-Dec 2002,md,Chesapeake Bay,"temp,spcond,sal,do_pct,do_mgl,depth,ph,turb",
cbm,cbmmcnut,Mataponi Creek,"38° 44' 35.88 N, 76° 42' 26.64 W",38.7433,76.7074,Active,Apr 2003-,md,Chesapeake Bay,"no23f,po4f,chla_n,no3f,no2f,nh4f",
cbm,cbmmcwq,Mataponi Creek,"38° 44' 35.88 N, 76° 42' 26.64 W",38.7433,76.7074,Active,Apr 2003-,md,Chesapeake Bay,"temp,spcond,sal,do_pct,do_mgl,depth,ph,turb,chlfluor",
cbm,cbmocnut,Otter Point Creek,"39° 27' 2.52 N, 76° 16' 28.56 W",39.4507,76.2746,Active,Apr 2003-,md,Chesapeake Bay,"no23f,po4f,chla_n,no3f,no2f,nh4f",
cbm,cbmocwq,Otter Point Creek,"39° 27' 2.52 N, 76° 16' 28.56 W",39.4507,76.2746,Active,Apr 2003-,md,Chesapeake Bay,"temp,spcond,sal,do_pct,do_mgl,depth,ph,turb,chlfluor",R
cbm,cbmprwq,Patuxent River,"38° 46' 23.52 N, 76° 42' 32.76 W",38.7732,76.7091,Inactive,Jul 1995-Dec 2002,md,Chesapeake Bay,"temp,spcond,sal,do_pct,do_mgl,depth,ph,turb",
cbm,cbmrrnut,Railroad,"38° 46' 52.68 N, 76° 42' 49.32 W",38.7813,76.7137,Active,Apr 2003-,md,Chesapeake Bay,"no23f,po4f,chla_n,no3f,no2f,nh4f",
cbm,cbmrrwq,Railroad,"38° 46' 52.68 N, 76° 42' 49.32 W",38.7813,76.7137,Active,Apr 2003-,md,Chesapeake Bay,"temp,spcond,sal,do_pct,do_mgl,depth,ph,turb,chlfluor",R
cbv,cbvcbnut,Claybank,"37° 20' 47.99 N, 76° 36' 40.55 W",37.346665,76.611263,Active,Jan 2002-,va,Chesapeake Bay,"no23f,po4f,chla_n,no3f,no2f,nh4f",
cbv,cbvcbwq,Claybank,"37° 20' 47.99 N, 76° 36' 40.55 W",37.346665,76.611263,Active,Jan 2002-,va,Chesapeake Bay,"temp,spcond,sal,do_pct,do_mgl,depth,ph,turb",
cbv,cbvcinut,Catlett Islands,"37° 17' 60.00 N, 76° 32' 60.00 W",37.3,76.55,Active,Jan 2002-,va,Chesapeake Bay,"no23f,po4f,chla_n,no3f,no2f,nh4f",
cbv,cbvginut,Goodwin Islands,"37° 12' 56.87 N, 76° 23' 33.63 W",37.215796,76.392675,Active,Jan 2002-,va,Chesapeake Bay,"no23f,po4f,chla_n,no3f,no2f,nh4f",
cbv,cbvgiwq,Goodwin Islands,"37° 12' 56.87 N, 76° 23' 33.63 W",37.215796,76.392675,Active,Oct 1997-,va,Chesapeake Bay,"temp,spcond,sal,do_pct,do_mgl,depth,ph,turb",
cbv,cbvshnut,Sweethall,"37° 34' 16.97 N, 76° 53' 3.26 W",37.57138,76.88424,Inactive,Jan 2002-Nov 2016,va,Chesapeake Bay,"no23f,po4f,chla_n,no3f,no2f,nh4f",
cbv,cbvshwq,Sweethall,"37° 34' 16.97 N, 76° 53' 3.26 W",37.57138,76.88424,Inactive,Jan 2002-Nov 2016,va,Chesapeake Bay,"temp,spcond,sal,do_pct,do_mgl,depth,ph,turb",
cbv,cbvtcmet,Taskinas Creek,"37° 24' 50.76 N, 76° 42' 44.53 W",37.4141,76.71237,Active,Jan 2001-,va,Chesapeake Bay,"atemp,rh,bp,wspd,maxwspd,maxwspdt,wdir,sdwdir,totprcp,totpar,cumprcp",R
cbv,cbvtcnut,Taskinas Creek,"37° 24' 53.95 N, 76° 42' 51.91 W",37.414986,76.71442,Active,Jan 2002-,va,Chesapeake Bay,"no23f,po4f,chla_n,no3f,no2f,nh4f",
cbv,cbvtcwq,Taskinas Creek,"37° 24' 53.95 N, 76° 42' 51.91 W",37.414986,76.71442,Active,Sep 1995-,va,Chesapeake Bay,"temp,spcond,sal,do_pct,do_mgl,depth,ph,turb,chlfluor",R
cbv,cbvybnut,York River Bridge,"37° 14' 41.64 N, 76° 30' 18.72 W",37.2449,76.5052,Active,Jan 2002-,va,Chesapeake Bay,"no23f,po4f,chla_n,no3f,no2f,nh4f",
del,delbbnut,Beaver Branch,"39° 24' 8.64 N, 75° 37' 40.80 W",39.4024,75.628,Active,Feb 2002-,de,Delaware,"po4f,nh4f,no2f,no3f,no23f,chla_n",
del,delblnut,Blackbird Landing,"39° 23' 19.54 N, 75° 38' 9.60 W",39.38876,75.636,Active,Jan 2002-,de,Delaware,"po4f,nh4f,no2f,no3f,no23f,chla_n",
del,delblwq,Blackbird Landing,"39° 23' 19.54 N, 75° 38' 9.60 W",39.38876,75.636,Active,Aug 1995-,de,Delaware,"temp,spcond,sal,do_pct,do_mgl,depth,level,ph,turb",
del,deldsnut,Division Street,"39° 9' 49.32 N, 75° 31' 8.76 W",39.1637,75.5191,Active,Jan 2002-,de,Delaware,"po4f,nh4f,no2f,no3f,no23f,chla_n",
del,deldswq,Division Street,"39° 9' 49.32 N, 75° 31' 8.76 W",39.1637,75.5191,Active,Jan 2002-,de,Delaware,"temp,spcond,sal,do_pct,do_mgl,depth,level,ph,turb",
del,delllnut,Lebanon Landing,"39° 6' 51.84 N, 75° 29' 57.12 W",39.1144,75.4992,Active,Jan 2002-,de,Delaware,"po4f,nh4f,no2f,no3f,no23f,chla_n",
del,delllwq,Lebanon Landing,"39° 6' 51.84 N, 75° 29' 57.12 W",39.1144,75.4992,Active,Jan 2002-,de,Delaware,"temp,spcond,sal,do_pct,do_mgl,depth,level,ph,turb",
del,delpbwq,Penrose Branch,"39° 9' 52.92 N, 75° 39' 1.44 W",39.1647,75.6504,Inactive,Jun 1996-Dec 2001,de,Delaware,"temp,spcond,sal,do_pct,do_mgl,depth,ph,turb",
del,delsjmet,Saint Jones River,"39° 5' 20.05 N, 75° 26' 12.78 W",39.0889028,75.4368833,Active,Jan 2001-,de,Delaware,"atemp,rh,bp,wspd,maxwspd,maxwspdt,wdir,sdwdir,totprcp,totpar,cumprcp",R
del,delslnut,Scotton Landing,"39° 5' 5.93 N, 75° 27' 38.09 W",39.08498,75.46058,Active,Jan 2002-,de,Delaware,"po4f,nh4f,no2f,no3f,no23f,chla_n",
del,delslwq,Scotton Landing,"39° 5' 5.93 N, 75° 27' 38.09 W",39.08498,75.46058,Active,Jul 1995-,de,Delaware,"temp,spcond,sal,do_pct,do_mgl,depth,level,ph,turb",R
elk,elkapnut,Azevedo Pond,"36° 50' 44.52 N, 121° 45' 13.68 W",36.8457,121.7538,Active,Apr 2002-,ca,Elkhorn Slough,"no23f,po4f,chla_n,no3f,no2f,nh4f",
elk,elkapwq,Azevedo Pond,"36° 50' 44.52 N, 121° 45' 13.68 W",36.8457,121.7538,Active,Jun 1995-,ca,Elkhorn Slough,"temp,spcond,sal,do_pct,do_mgl,depth,level,ph,turb",R
elk,elkcwmet,Caspian Weather Station,"36° 45' 55.57 N, 121° 44' 17.32 W",36.8154361,121.7381444,Active,Jan 2001-,ca,Elkhorn Slough,"atemp,rh,bp,wspd,maxwspd,maxwspdt,wdir,sdwdir,totprcp,totpar,cumprcp",R
elk,elknmnut,North Marsh,"36° 50' 4.56 N, 121° 44' 18.24 W",36.8346,121.7384,Active,Apr 2002-,ca,Elkhorn Slough,"no23f,po4f,chla_n,no3f,no2f,nh4f",
elk,elknmwq,North Marsh,"36° 50' 4.56 N, 121° 44' 18.24 W",36.8346,121.7384,Active,Apr 1999-,ca,Elkhorn Slough,"temp,spcond,sal,do_pct,do_mgl,depth,level,ph,turb",R
elk,elksmnut,South Marsh,"36° 49' 4.44 N, 121° 44' 21.84 W",36.8179,121.7394,Active,Apr 2002-,ca,Elkhorn Slough,"no23f,po4f,chla_n,no3f,no2f,nh4f",
elk,elksmwq,South Marsh,"36° 49' 4.44 N, 121° 44' 21.84 W",36.8179,121.7394,Active,Jun 1995-,ca,Elkhorn Slough,"temp,spcond,sal,do_pct,do_mgl,depth,level,ph,turb,chlfluor",R
elk,elkvmnut,Vierra Mouth,"36° 48' 39.96 N, 121° 46' 45.22 W",36.8111,121.7792,Active,Apr 2002-,ca,Elkhorn Slough,"no23f,po4f,chla_n,no3f,no2f,nh4f",
elk,elkvmwq,Vierra Mouth,"36° 48' 39.96 N, 121° 46' 45.22 W",36.8111,121.7792,Active,Mar 2001-,ca,Elkhorn Slough,"temp,spcond,sal,do_pct,do_mgl,depth,level,ph,turb",R
gnd,gndbcwq,Bayou Cumbest,"30° 23' 0.96 N, 88° 26' 11.04 W",30.3836,88.4364,Active,Mar 2004-,ms,Grand Bay,"temp,spcond,sal,do_pct,do_mgl,depth,ph,turb",
gnd,gndbhwq,Bayou Heron,"30° 25' 4.08 N, 88° 24' 19.44 W",30.4178,88.4054,Active,Jan 2004-,ms,Grand Bay,"temp,spcond,sal,do_pct,do_mgl,depth,ph,turb",R
gnd,gndblwq,Bangs Lake,"30° 21' 25.56 N, 88° 27' 46.44 W",30.3571,88.4629,Active,Mar 2004-,ms,Grand Bay,"temp,spcond,sal,do_pct,do_mgl,depth,ph,turb",R
gnd,gndcrwq,Crooked Bayou,"30° 21' 35.64 N, 88° 25' 8.40 W",30.3599,88.419,Inactive,Jan 2004-May 2004; Aug 2004-Aug 2005,ms,Grand Bay,"temp,spcond,sal,do_pct,do_mgl,depth,ph,turb",
grb,grbgbmet,Great Bay,"43° 5' 31.56 N, 70° 51' 51.12 W",43.0921,70.8642,Inactive,Jul 2001-Oct 2005,nh,Great Bay,"atemp,rh,bp,wspd,maxwspd,maxwspdt,wdir,sdwdir,totprcp,totpar",
grb,grbgbnut,Great Bay,"43° 4' 19.92 N, 70° 52' 9.84 W",43.0722,70.8694,Active,Apr 2002-,nh,Great Bay,"po4f,nh4f,no2f,no3f,no23f,chla_n,ke_n,cloud,precip,tide,wavhgt,windir,winspd",
grb,grbgbwq,Great Bay,"43° 4' 19.92 N, 70° 52' 9.84 W",43.0722,70.8694,Active,Jul 1995-,nh,Great Bay,"temp,spcond,sal,do_pct,do_mgl,depth,ph,turb,chlfluor",
grb,grblrnut,Lamprey River,"43° 4' 48.00 N, 70° 56' 3.84 W",43.08,70.9344,Active,Apr 2002-,nh,Great Bay,"po4f,nh4f,no2f,no3f,no23f,chla_n,ke_n,cloud,precip,tide,wavhgt,windir,winspd",
grb,grblrwq,Lamprey River,"43° 4' 48.00 N, 70° 56' 3.84 W",43.08,70.9344,Active,Oct 1998-,nh,Great Bay,"temp,spcond,sal,do_pct,do_mgl,depth,ph,turb,chlfluor",R
grb,grbornut,Oyster River,"43° 8' 2.40 N, 70° 54' 39.60 W",43.134,70.911,Active,May 2002-,nh,Great Bay,"po4f,nh4f,no2f,no3f,no23f,chla_n,ke_n,cloud,precip,tide,wavhgt,windir,winspd",
grb,grborwq,Oyster River,"43° 8' 2.40 N, 70° 54' 39.60 W",43.134,70.911,Active,Apr 2002-,nh,Great Bay,"temp,spcond,sal,do_pct,do_mgl,depth,ph,turb,chlfluor",R
grb,grbsqnut,Squamscott River,"43° 2' 29.76 N, 70° 55' 19.20 W",43.052403,70.911811,Active,Apr 2002-,nh,Great Bay,"po4f,nh4f,no2f,no3f,no23f,chla_n,ke_n,cloud,precip,tide,wavhgt,windir,winspd",
grb,grbsqwq,Squamscott River,"43° 2' 29.76 N, 70° 55' 19.20 W",43.052403,70.911811,Active,Jul 1997-,nh,Great Bay,"temp,spcond,sal,do_pct,do_mgl,depth,ph,turb,chlfluor",R
gtm,gtmfmnut,Fort Matanzas,"29° 44' 13.20 N, 81° 14' 45.60 W",29.737041,81.245953,Active,May 2002-,fl,Guana Tolomato Mantanzas,"no23f,po4f,chla_n,no3f,no2f,nh4f,ke_n",
gtm,gtmfmwq,Fort Matanzas,"29° 44' 13.20 N, 81° 14' 45.60 W",29.737041,81.245953,Active,Jan 2001-,fl,Guana Tolomato Mantanzas,"temp,spcond,sal,do_pct,do_mgl,depth,ph,turb,chlfluor",
gtm,gtmpcmet,Pellicer Creek,"29° 39' 28.08 N, 81° 13' 58 W",29.657702,81.232743,Active,Sep 2002-,fl,Guana Tolomato Mantanzas,"atemp,rh,bp,wspd,maxwspd,maxwspdt,wdir,sdwdir,totprcp,totpar,cumprcp",R
gtm,gtmpcnut,Pellicer Creek,"29° 40' 01 N, 81° 15' 27 W",29.667071,81.257403,Active,May 2002-,fl,Guana Tolomato Mantanzas,"no23f,po4f,chla_n,no3f,no2f,nh4f,ke_n",
gtm,gtmpcwq,Pellicer Creek,"29° 40' 01 N, 81° 15' 27 W",29.667071,81.257403,Active,Feb 2002-,fl,Guana Tolomato Mantanzas,"temp,spcond,sal,do_pct,do_mgl,depth,ph,turb,chlfluor",R
gtm,gtmpinut,Pine Island,"30° 3' 2.88 N, 81° 22' 3.00 W",30.050857,81.367465,Active,May 2002-,fl,Guana Tolomato Mantanzas,"no23f,po4f,chla_n,no3f,no2f,nh4f,ke_n",
gtm,gtmpiwq,Pine Island,"30° 3' 2.88 N, 81° 22' 3.00 W",30.050857,81.367465,Active,Jan 2001-,fl,Guana Tolomato Mantanzas,"temp,spcond,sal,do_pct,do_mgl,depth,ph,turb,chlfluor",
gtm,gtmssnut,San Sebastian,"29° 52' 08 N, 81° 18' 27 W",29.868851,81.307428,Active,May 2002-,fl,Guana Tolomato Mantanzas,"no23f,po4f,chla_n,no3f,no2f,nh4f,ke_n",
gtm,gtmsswq,San Sebastian,"29° 52' 08 N, 81° 18' 27 W",29.868851,81.307428,Active,Feb 2002-,fl,Guana Tolomato Mantanzas,"temp,spcond,sal,do_pct,do_mgl,depth,ph,turb,chlfluor",
hud,hudfsmet,Field Station,"42° 1' 5.52 N, 73° 55' 1.20 W",42.0182,73.917,Active,Jan 2001-,ny,Hudson River,"atemp,rh,bp,wspd,maxwspd,maxwspdt,wdir,sdwdir,totprcp,totpar,cumprcp",R
hud,hudscnut,Stony Creek,"42° 2' 46.68 N, 73° 54' 38.88 W",42.0463,73.9108,Active,Feb 2002-,ny,Hudson River,"po4f,nh4f,no3f,chla_n,cloud,precip",
hud,hudscwq,Stony Creek,"42° 2' 46.68 N, 73° 54' 38.88 W",42.0463,73.9108,Active,Apr 2002-,ny,Hudson River,"temp,spcond,sal,do_pct,do_mgl,depth,ph,turb,chlfluor",R
hud,hudsknut,Saw Kill,"42° 1' 1.82 N, 73° 54' 53.86 W",42.0171722,73.9149611,Active,Feb 2002-,ny,Hudson River,"po4f,nh4f,no3f,chla_n,cloud,precip,tide",
hud,hudskwq,Saw Kill,"42° 1' 1.82 N, 73° 54' 53.86 W",42.0171722,73.9149611,Active,May 1995-,ny,Hudson River,"temp,spcond,sal,do_pct,do_mgl,depth,ph,turb,chlfluor",
hud,hudtnnut,Tivoli North Bay,"42° 2' 11.56 N, 73° 55' 31.17 W",42.0365457,73.925324,Active,Feb 2002-,ny,Hudson River,"po4f,nh4f,no3f,chla_n,cloud,precip,tide",
hud,hudtnwq,Tivoli North Bay,"42° 2' 11.56 N, 73° 55' 31.17 W",42.0365457,73.925324,Active,Jul 1996-Dec 1996; Jul 1999-,ny,Hudson River,"temp,spcond,sal,do_pct,do_mgl,depth,ph,turb,chlfluor",R
hud,hudtsnut,Tivoli South Bay,"42° 1' 37.34 N, 73° 55' 33.45 W",42.0270378,73.9259569,Active,Feb 2002-,ny,Hudson River,"po4f,nh4f,no3f,chla_n,cloud,precip,tide",
hud,hudtswq,Tivoli South Bay,"42° 1' 37.34 N, 73° 55' 33.45 W",42.0270378,73.9259569,Active,May 1995-,ny,Hudson River,"temp,spcond,sal,do_pct,do_mgl,depth,ph,turb,chlfluor",R
job,job06wq,Station 6,"17° 56'5.95 N, 66° 13' 40.56 W",17.934986,66.227933,Inactive,Dec 1996-Dec 1998,pr,Jobos Bay,"temp,spcond,sal,do_pct,do_mgl,depth,ph,turb",
job,job09nut,Station 9,"17° 56' 35.0 N, 66° 14' 18.9 W",17.9430556,66.2385833,Active,Jul 2002-,pr,Jobos Bay,"no23f,po4f,chla_n,no3f,no2f,nh4f",
job,job09wq,Station 9,"17° 56' 35.0 N, 66° 14' 18.9 W",17.9430556,66.2385833,Active,Dec 1995-,pr,Jobos Bay,"temp,spcond,sal,do_pct,do_mgl,depth,ph,turb,chlfluor",R
job,job10nut,Station 10,"17° 56' 19.00 N, 66° 15' 27.85 W",17.938611,66.257736,Active,Jul 2002-,pr,Jobos Bay,"no23f,po4f,chla_n,no3f,no2f,nh4f",
job,job10wq,Station 10,"17° 56' 19.00 N, 66° 15' 27.85 W",17.938611,66.257736,Active,Feb 1996-,pr,Jobos Bay,"temp,spcond,sal,do_pct,do_mgl,depth,ph,turb",
job,job11wq,Station 11,"17° 56' 40.59 N, 66° 15' 43.30 W",17.944608,66.262028,Inactive,Mar 1996-Dec 1998,pr,Jobos Bay,"temp,spcond,sal,do_pct,do_mgl,depth,ph,turb",
job,job18wq,Station 18,"17° 56' 39.96 N, 66° 13' 54.77 W",17.944433,66.231881,Inactive,Oct 1998- Nov 1998,pr,Jobos Bay,"temp,spcond,sal,do_pct,do_mgl,depth,ph,turb",
job,job19nut,Station 19,"17° 56' 34.49 N, 66° 13' 43.77 W",17.942914,66.228825,Active,Jul 2002-,pr,Jobos Bay,"no23f,po4f,chla_n,no3f,no2f,nh4f",
job,job19wq,Station 19,"17° 56' 34.49 N, 66° 13' 43.77 W",17.942914,66.228825,Active,Apr 2002-,pr,Jobos Bay,"temp,spcond,sal,do_pct,do_mgl,depth,ph,turb,chlfluor",
job,job20nut,Station 20,"17° 55' 49.14 N, 66° 12' 41.30 W",17.930317,66.211472,Active,Jul 2002-,pr,Jobos Bay,"no23f,po4f,chla_n,no3f,no2f,nh4f",
job,job20wq,Station 20,"17° 55' 49.14 N, 66° 12' 41.30 W",17.930317,66.211472,Active,May 2002-,pr,Jobos Bay,"temp,spcond,sal,do_pct,do_mgl,depth,ph,turb",R
job,jobjbmet,Jobos Bay Weather,"17° 57' 23.34 N, 66° 13' 22.56 W",17.956483,66.2229333,Active,Jan 2001-,pr,Jobos Bay,"atemp,rh,bp,wspd,maxwspd,maxwspdt,wdir,sdwdir,totprcp,totpar,cumprcp",R
kac,kacbcwq,Bear Cove,"59° 42' 20.41 N, 151° 3' 33.84 W",59.70567,151.1094,Inactive,Jun 2002-Dec 2003,ak,Kachemak Bay,"temp,spcond,sal,do_pct,do_mgl,depth,ph,turb",
kac,kacdlwq,Homer Dolphin,"59° 36' 8.34N, 151° 24' 36.00 W",59.60232,151.41,Inactive,Oct 2002-Dec 2002,ak,Kachemak Bay,"temp,spcond,sal,do_pct,do_mgl,depth,ph,turb",
kac,kachdnut,Homer Deep,"59° 36' 7.24 N, 151° 24' 31.61 W",59.60201,151.40878,Active,Feb 2002-,ak,Kachemak Bay,"no23f,po4f,chla_n,no3f,no2f,nh4f",
kac,kachdwq,Homer Dolphin Deep,"59° 36' 7.24 N, 151° 24' 31.61 W",59.60201,151.40878,Active,Jan 2003-,ak,Kachemak Bay,"temp,spcond,sal,do_pct,do_mgl,depth,ph,turb,chlfluor",R
kac,kachhnut,Homer Harbor,"59° 36' 12.31 N, 151° 25' 2.14 W",59.60342,151.41726,Active,Feb 2002-,ak,Kachemak Bay,"no23f,po4f,chla_n,no3f,no2f,nh4f",
kac,kachomet,Homer,"59° 36' 3.35 N, 151° 24' 34.20 W",59.60093,151.4095,Active,Jan 2002-,ak,Kachemak Bay,"atemp,rh,bp,wspd,maxwspd,maxwspdt,wdir,sdwdir,totprcp,totpar,cumprcp,totsorad",R
kac,kachowq,Homer,"59° 36' 8.34 N, 151° 24' 36.00 W",59.60232,151.41,Inactive,Jul 2001-Nov 2002,ak,Kachemak Bay,"temp,spcond,sal,do_pct,do_mgl,depth,ph,turb",
kac,kachsnut,Homer Shallow,"59° 36' 7.24 N, 151° 24' 31.61 W",59.60201,151.40878,Active,Feb 2002-,ak,Kachemak Bay,"no23f,po4f,chla_n,no3f,no2f,nh4f",
kac,kachswq,Homer Dolphin Surface,"59° 36' 7.24 N, 151° 24' 31.61 W",59.60201,151.40878,Inactive,Feb 2004-Nov 2011,ak,Kachemak Bay,"temp,spcond,sal,do_pct,do_mgl,depth,ph,turb",
kac,kacpgwq,Port Graham,"59° 22' 13.91 N, 151° 53' 46.03 W",59.37053,151.89612,Inactive,Jun 2002-Sep 2003,ak,Kachemak Bay,"temp,spcond,sal,do_pct,do_mgl,depth,ph,turb",
kac,kacsdnut,Seldovia Deep,"59° 26' 27.56 N, 151° 43' 15.46 W",59.44099,151.72096,Active,Feb 2002-,ak,Kachemak Bay,"no23f,po4f,chla_n,no3f,no2f,nh4f",
kac,kacsdwq,Seldovia Deep,"59° 26' 27.56 N, 151° 43' 15.46 W",59.44099,151.72096,Active,Jan 2004-,ak,Kachemak Bay,"temp,spcond,sal,do_pct,do_mgl,depth,ph,turb,chlfluor",R
kac,kacsewq,Seldovia,"59° 26' 27.56 N, 151° 43' 15.46 W",59.44099,151.72096,Inactive,Aug 2001-Dec 2003,ak,Kachemak Bay,"temp,spcond,sal,do_pct,do_mgl,depth,ph,turb",
kac,kacssnut,Seldovia Shallow,"59° 26' 27.56 N, 151° 43' 15.46 W",59.44099,151.72096,Active,Feb 2002-,ak,Kachemak Bay,"no23f,po4f,chla_n,no3f,no2f,nh4f",
kac,kacsswq,Seldovia Surface,"59° 26' 27.56 N, 151° 43' 15.46 W",59.44099,151.72096,Active,Jan 2004-,ak,Kachemak Bay,"temp,spcond,sal,do_pct,do_mgl,depth,ph,turb,chlfluor",
jac,jacb5nut,Buoy 115,"39° 31' 7.68 N, 74° 17' 13.92 W",39.5188,74.2872,Active,Feb 2002-,nj,Jacques Cousteau,"no23f,po4f,chla_n,no3f,no2f,nh4f",
jac,jacb6nut,Buoy 126,"39° 30' 28.44 N, 74° 20' 18.67 W",39.5079,74.3385,Active,Feb 2002-,nj,Jacques Cousteau,"no23f,po4f,chla_n,no3f,no2f,nh4f",
jac,jacb6wq,Buoy 126,"39° 30' 28.44 N, 74° 20' 18.67 W",39.5079,74.3385,Active,Aug 1996-,nj,Jacques Cousteau,"temp,spcond,sal,do_pct,do_mgl,depth,ph,turb",R
jac,jacb9nut,Buoy 139,"39° 29' 52.59 N, 74° 22' 52.07 W",39.4979417,74.3811306,Active,Feb 2002-,nj,Jacques Cousteau,"no23f,po4f,chla_n,no3f,no2f,nh4f",
jac,jacb9wq,Buoy 139,"39° 29' 52.59 N, 74° 22' 52.07 W",39.4979417,74.3811306,Active,Aug 1996-Dec 1998; May 2002-,nj,Jacques Cousteau,"temp,spcond,sal,do_pct,do_mgl,depth,ph,turb",
jac,jacbanut,Lower Bank,"39° 35' 37.18 N, 74° 33' 5.44 W",39.5937,74.5515,Active,Feb 2002-,nj,Jacques Cousteau,"no23f,po4f,chla_n,no3f,no2f,nh4f",
jac,jacbawq,Lower Bank,"39° 35' 37.18 N, 74° 33' 5.44 W",39.5937,74.5515,Active,Oct 1996-,nj,Jacques Cousteau,"temp,spcond,sal,do_pct,do_mgl,depth,ph,turb",
jac,jacncmet,Nacote Creek,"39° 32' 6.00 N, 74° 27' 48.96 W",39.535,74.4636,Active,Oct 2002-,nj,Jacques Cousteau,"atemp,rh,bp,wspd,maxwspd,maxwspdt,wdir,sdwdir,totprcp,totpar,cumprcp",R
jac,jacnenut,Chestnut Neck,"39° 32' 52.37 N, 74° 27' 38.77 W",39.5479,74.4608,Active,Feb 2002-,nj,Jacques Cousteau,"no23f,po4f,chla_n,no3f,no2f,nh4f",
jac,jacnewq,Chestnut Neck,"39° 32' 52.37 N, 74° 27' 38.77 W",39.5479,74.4608,Active,Aug 1996-,nj,Jacques Cousteau,"temp,spcond,sal,do_pct,do_mgl,depth,ph,turb",R
nar,narncnut,Nag Creek,"41° 37' 29.46 N, 71° 19' 27.42 W",41.62485,71.324283,Active,Mar 2002-,ri,Narragansett Bay,"po4f,nh4f,no2f,no3f,no23f,chla_n",
nar,narncwq,Nag Creek,"41° 37' 29.46 N, 71° 19' 27.42 W",41.62485,71.324283,Active,Mar 2002-,ri,Narragansett Bay,"temp,spcond,sal,do_pct,do_mgl,depth,ph,turb",
nar,narpcmet,Potters Cove,"41° 38' 13.70 N, 71° 20' 21.79 W",41.637139,71.339386,Active,Jan 2001-,ri,Narragansett Bay,"atemp,rh,bp,wspd,maxwspd,maxwspdt,wdir,sdwdir,totprcp,totpar,cumprcp",R
nar,narpcnut,Potters Cove,"41° 38' 25.98 N, 71° 20' 27.17 W",41.64055,71.340881,Active,Mar 2002-,ri,Narragansett Bay,"po4f,nh4f,no2f,no3f,no23f,chla_n",
nar,narpcwq,Potters Cove,"41° 38' 25.98 N, 71° 20' 27.17 W",41.64055,71.340881,Active,Dec 1995-,ri,Narragansett Bay,"temp,spcond,sal,do_pct,do_mgl,depth,ph,turb",
nar,nartbnut,T-Wharf Bottom,"41° 34' 42.10 N, 71° 19' 16.05 W",41.578361,71.321125,Active,Mar 2002-,ri,Narragansett Bay,"po4f,nh4f,no2f,no3f,no23f,chla_n",
nar,nartbwq,T-Wharf Bottom,"41° 34' 42.10 N, 71° 19' 16.05 W",41.578361,71.321125,Active,Jul 2002-,ri,Narragansett Bay,"temp,spcond,sal,do_pct,do_mgl,depth,ph,turb,chlfluor",R
nar,nartsnut,T-Wharf Surface,"41° 34' 42.10 N, 71° 19' 16.05 W",41.578361,71.321125,Active,Mar 2002-,ri,Narragansett Bay,"po4f,nh4f,no2f,no3f,no23f,chla_n",
nar,nartswq,T-Wharf Surface,"41° 34' 42.10 N, 71° 19' 16.05 W",41.578361,71.321125,Active,Jul 2002-,ri,Narragansett Bay,"temp,spcond,sal,do_pct,do_mgl,depth,ph,turb",
nar,nartwnut,T-Wharf,"41° 34' 45.18 N, 71° 19' 17.10 W",41.579217,71.321417,Inactive,Mar 2002-Jun 2002,ri,Narragansett Bay,"po4f,nh4f,no2f,no3f,no23f,chla_n",
nar,nartwwq,T-Wharf,"41° 34' 45.18 N, 71° 19' 17.10 W",41.579217,71.321417,Inactive,Sep 1996- Jul 2002,ri,Narragansett Bay,"temp,spcond,sal,do_pct,do_mgl,depth,ph,turb",
niw,niwcawq,Caledonia,"33° 27' 0.00 N, 79° 10' 0.12 W",33.45,79.1667,Inactive,Jun 1995-Dec 1995,sc,North Inlet-Winyah Bay,"temp,spcond,sal,do_pct,do_mgl,depth,ph,turb",
niw,niwcbnut,Clambank,"33° 20' 1.91 N, 79° 11' 34.95 W",33.3338636,79.1930411,Active,Jan 2002-,sc,North Inlet-Winyah Bay,"no23f,po4f,chla_n,no2f,nh4f",
niw,niwcbwq,Clambank,"33° 20' 1.91 N, 79° 11' 34.95 W",33.3338636,79.1930411,Active,Aug 2001-,sc,North Inlet-Winyah Bay,"temp,spcond,sal,do_pct,do_mgl,depth,ph,turb",
niw,niwdcnut,Debidue Creek,"33° 21' 36.53 N, 79° 10' 2.85 W",33.3601486,79.1674572,Active,Jan 2002-,sc,North Inlet-Winyah Bay,"no23f,po4f,chla_n,no2f,nh4f",
niw,niwdcwq,Debidue Creek,"33° 21' 36.53 N, 79° 10' 2.85 W",33.3601486,79.1674572,Active,Mar 1998-,sc,North Inlet-Winyah Bay,"temp,spcond,sal,do_pct,do_mgl,depth,ph,turb",R
niw,niwolmet,Oyster Landing,"33° 20' 57.66 N, 79° 11' 19.97 W",33.3493511,79.1888819,Active,Jan 2001-,sc,North Inlet-Winyah Bay,"atemp,rh,bp,wspd,maxwspd,maxwspdt,wdir,sdwdir,totprcp,totpar,cumprcp,totsorad",R
niw,niwolnut,Oyster Landing,"33° 20' 57.66 N, 79° 11' 19.97 W",33.3493511,79.1888819,Active,Jan 2002-,sc,North Inlet-Winyah Bay,"no23f,po4f,chla_n,no2f,nh4f",
niw,niwolwq,Oyster Landing,"33° 20' 57.66 N, 79° 11' 19.97 W",33.3493511,79.1888819,Active,Jan 1996-,sc,North Inlet-Winyah Bay,"temp,spcond,sal,do_pct,do_mgl,depth,ph,turb,chlfluor",R
niw,niwtanut,Thousand Acre,"33° 17' 56.93 N, 79° 15' 21.80 W",33.2991461,79.2560564,Active,Jan 2002-,sc,North Inlet-Winyah Bay,"no23f,po4f,chla_n,no2f,nh4f",
niw,niwtawq,Thousand Acre,"33° 17' 56.93 N, 79° 15' 21.80 W",33.2991461,79.2560564,Active,Jan 1995-,sc,North Inlet-Winyah Bay,"temp,spcond,sal,do_pct,do_mgl,depth,ph,turb",
noc,nocecnut,East Cribbing,"33° 56' 23.64 N, 77° 56' 27.96 W",33.9399,77.9411,Active,Apr 2002-,nc,North Carolina,"po4f,nh4f,no2f,no3f,no23f,chla_n",
noc,nocecwq,East Cribbing,"33° 56' 23.64 N, 77° 56' 27.96 W",33.9399,77.9411,Active,May 1994-,nc,North Carolina,"temp,spcond,sal,do_pct,do_mgl,depth,ph,turb,chlfluor",
noc,noclcnut,Loosin Creek,"34° 10' 19.92 N, 77° 49' 58.08 W",34.1722,77.8328,Active,Apr 2002-,nc,North Carolina,"po4f,nh4f,no2f,no3f,no23f,chla_n",
noc,noclcwq,Loosin Creek,"34° 10' 19.92 N, 77° 49' 58.08 W",34.1722,77.8328,Active,Feb 2002-,nc,North Carolina,"temp,spcond,sal,do_pct,do_mgl,depth,ph,turb,chlfluor",
noc,nocrcmet,Research Creek,"34° 9' 19.80 N, 77° 51' 3.24 W",34.1555,77.8509,Active,Jan 2001-,nc,North Carolina,"atemp,rh,bp,wspd,maxwspd,maxwspdt,wdir,sdwdir,totprcp,totpar,cumprcp",R
noc,nocrcnut,Research Creek,"34° 9' 21.60 N, 77° 50' 59.64 W",34.156,77.8499,Active,Apr 2002-,nc,North Carolina,"po4f,nh4f,no2f,no3f,no23f,chla_n",
noc,nocrcwq,Research Creek,"34° 9' 21.60 N, 77° 50' 59.64 W",34.156,77.8499,Active,May 1994-,nc,North Carolina,"temp,spcond,sal,do_pct,do_mgl,depth,ph,turb,chlfluor",R
noc,noczbnut,Zeke's Basin,"33° 57' 16.92 N, 77° 56' 6.00 W",33.9547,77.935,Active,Apr 2002-,nc,North Carolina,"po4f,nh4f,no2f,no3f,no23f,chla_n",
noc,noczbwq,Zeke's Basin,"33° 57' 16.92 N, 77° 56' 6.00 W",33.9547,77.935,Active,Mar 2002-,nc,North Carolina,"temp,spcond,sal,do_pct,do_mgl,depth,ph,turb,chlfluor",R
owc,owcbrnut,Berlin Road,"41° 20' 56.00 N, 82° 30' 44.00 W",41.348889,82.512222,Active,Mar 2002-,oh,Old Woman Creek,"po4f,nh4f,no2f,no3f,no23f,chla_n",
owc,owcbrwq,Berlin Road,"41° 20' 56.00 N, 82° 30' 44.00 W",41.348889,82.512222,Active,Mar 2002-,oh,Old Woman Creek,"temp,spcond,sal,do_pct,do_mgl,depth,ph,turb",
owc,owcolnut,Lower Estuary,"41° 22' 54.00 N, 82° 30' 50.00 W",41.381667,82.513889,Active,Apr 2002-,oh,Old Woman Creek,"po4f,nh4f,no2f,no3f,no23f,chla_n",
owc,owcolwq,Lower Estuary,"41° 22' 54.00 N, 82° 30' 50.00 W",41.381667,82.513889,Active,Apr 2002-,oh,Old Woman Creek,"temp,spcond,sal,do_pct,do_mgl,depth,ph,turb",R
owc,owcowmet,Old Woman Creek,"41° 22' 40.01 N, 82° 30' 29.00 W",41.37778,82.508056,Active,May 2001-,oh,Old Woman Creek,"atemp,rh,bp,wspd,maxwspd,maxwspdt,wdir,sdwdir,totprcp,totpar,cumprcp",R
owc,owcsunut,State Route 2,"41° 22' 1.92 N, 82° 30' 25.92 W",41.3672,82.5072,Inactive,Mar 2002-Aug 2007,oh,Old Woman Creek,"po4f,nh4f,no2f,no3f,no23f,chla_n",
owc,owcsuwq,State Route 2,"41° 22' 1.92 N, 82° 30' 25.92 W",41.3672,82.5072,Inactive,May 1995-Aug 2007,oh,Old Woman Creek,"temp,spcond,sal,do_pct,do_mgl,depth,ph,turb",
owc,owcwmnut,State Route 6,"41° 22' 57.00 N, 82° 30' 52.00 W",41.3825,82.514444,Active,Mar 2002-,oh,Old Woman Creek,"po4f,nh4f,no2f,no3f,no23f,chla_n",
owc,owcwmwq,State Route 6,"41° 22' 57.00 N, 82° 30' 52.00 W",41.3825,82.514444,Active,May 1995-,oh,Old Woman Creek,"temp,spcond,sal,do_pct,do_mgl,depth,ph,turb",R
pdb,pdbbpnut,Ploeg Channel,"48° 33' 22.76 N, 122° 31' 51.22 W",48.556322,122.530894,Active,Feb 2002-,wa,Padilla Bay,"no23f,po4f,chla_n,no3f,no2f,nh4f",
pdb,pdbbpwq,Ploeg Channel,"48° 33' 22.76 N, 122° 31' 51.22 W",48.556322,122.530894,Active,Jul 2001-,wa,Padilla Bay,"temp,spcond,sal,do_pct,do_mgl,depth,ph,turb",R
pdb,pdbbynut,Bayview Channel,"48° 29' 46.10 N, 122° 30' 7.61 W",48.496139,122.502114,Active,Feb 2002-,wa,Padilla Bay,"no23f,po4f,chla_n,no3f,no2f,nh4f",
pdb,pdbbywq,Bayview Channel,"48° 29' 46.10 N, 122° 30' 7.61 W",48.496139,122.502114,Active,Sep 1995-,wa,Padilla Bay,"temp,spcond,sal,do_pct,do_mgl,depth,ph,turb",R
pdb,pdbgsnut,Gong Surface,"48° 33' 27.00 N, 122° 34' 21.00 W",48.5575,122.5725,Active,Apr 2003-,wa,Padilla Bay,"no23f,po4f,chla_n,no3f,no2f,nh4f",
pdb,pdbgswq,Gong Surface,"48° 33' 27.00 N, 122° 34' 21.00 W",48.5575,122.5725,Active,Mar 2003-,wa,Padilla Bay,"temp,spcond,sal,do_pct,do_mgl,depth,ph,turb,chlfluor",
pdb,pdbjlnut,Joe Leary Slough,"48° 31' 5.75 N, 122° 28' 27.08 W",48.518264,122.474189,Inactive,Feb 2002-July 2009,wa,Padilla Bay,"no23f,po4f,chla_n,no3f,no2f,nh4f",
pdb,pdbjlwq,Joe Leary Slough,"48° 31' 5.75 N, 122° 28' 27.08 W",48.518264,122.474189,Inactive,Jun 1995-July 2009,wa,Padilla Bay,"temp,spcond,sal,do_pct,do_mgl,depth,ph,turb",
pdb,pdbnnwq,No Name Slough,"48° 28' 10.20 N, 122° 28' 2.64 W",48.4695,122.4674,Inactive,Aug 1996-Dec 1997,wa,Padilla Bay,"temp,spcond,sal,do_pct,do_mgl,depth,ph,turb",
pdb,pdbpfmet,Padilla Bay Farm,"48° 27' 49.85 N, 122° 28' 9.49 W",48.463847,122.469303,Active,Jan 2001-,wa,Padilla Bay,"atemp,rh,bp,wspd,maxwspd,maxwspdt,wdir,sdwdir,totprcp,totpar,cumprcp",R
rkb,rkbbmwq,Big Marco Pass,"25° 58' 44.40 N, 81° 44' 15.00 W",25.979,81.7375,Inactive,Jan 1997-Feb 1998,fl,Rookery Bay,"temp,spcond,sal,do_pct,do_mgl,depth,ph,turb",
rkb,rkbbrwq,Blackwater River,"25° 58' 4.08 N, 81° 35' 26.88 W",25.9678,81.5908,Inactive,Feb 1998-Dec 1999,fl,Rookery Bay,"temp,spcond,sal,do_pct,do_mgl,depth,ph,turb",
rkb,rkbfbnut,Fakahatchee Bay,"25° 53' 31.92 N, 81° 28' 37.20 W",25.8922,81.477,Active,Jan 2002-,fl,Rookery Bay,"no23f,po4f,chla_n,no3f,no2f,nh4f",
rkb,rkbfbwq,Fakahatchee Bay,"25° 53' 31.92 N, 81° 28' 37.20 W",25.8922,81.477,Active,Jan 2002-,fl,Rookery Bay,"temp,spcond,sal,do_pct,do_mgl,depth,ph,turb",
rkb,rkbfunut,Faka Union Bay,"25° 54' 1.80 N, 81° 30' 57.24 W",25.9005,81.5159,Active,Jan 2002-,fl,Rookery Bay,"no23f,po4f,chla_n,no3f,no2f,nh4f",
rkb,rkbfuwq,Faka Union Bay,"25° 54' 1.80 N, 81° 30' 57.24 W",25.9005,81.5159,Active,Jan 2002-,fl,Rookery Bay,"temp,spcond,sal,do_pct,do_mgl,depth,ph,turb",
rkb,rkbhcmet,Henderson Creek,"26° 1' 29.64 N, 81° 43' 53.76 W",26.0249,81.7316,Inactive,Sep 2001-Dec 2003,fl,Rookery Bay,"atemp,rh,bp,wspd,maxwspd,maxwspdt,wdir,sdwdir,totprcp,totpar",
rkb,rkblhnut,Lower Henderson Creek,"26° 1' 38.96 N, 81° 44' 01.00 W",26.02749,81.73361,Active,Jan 2002-,fl,Rookery Bay,"no23f,po4f,chla_n,no3f,no2f,nh4f",
rkb,rkblhwq,Lower Henderson Creek,"26° 1' 38.96 N, 81° 44' 01.00 W",26.02749,81.73361,Active,Jan 2001-,fl,Rookery Bay,"temp,spcond,sal,do_pct,do_mgl,depth,ph,turb",R
rkb,rkbmbnut,Middle Blackwater River,"25° 56' 3.48 N, 81° 35' 40.56 W",25.9343,81.5946,Active,Jan 2002-,fl,Rookery Bay,"no23f,po4f,chla_n,no3f,no2f,nh4f",
rkb,rkbmbwq,Middle Blackwater River,"25° 56' 3.48 N, 81° 35' 40.56 W",25.9343,81.5946,Active,Jan 2000-,fl,Rookery Bay,"temp,spcond,sal,do_pct,do_mgl,depth,ph,turb",
rkb,rkbuhmet,Upper Henderson Creek,"26° 3' 0.24 N, 81° 42' 6.18 W",26.050067,81.701717,Active,Jan 2004-,fl,Rookery Bay,"atemp,rh,bp,wspd,maxwspd,maxwspdt,wdir,sdwdir,totprcp,totpar,cumprcp",R
rkb,rkbuhwq,Upper Henderson Creek,"26° 2' 56.40 N, 81° 42' 4.32 W",26.049,81.7012,Inactive,Nov 1996-Dec 2000,fl,Rookery Bay,"temp,spcond,sal,do_pct,do_mgl,depth,ph,turb",
sap,sapbcwq,Barn Creek,"31° 26' 21.12 N, 81° 16' 42.96 W",31.4392,81.2786,Inactive,May 1995-Dec 1997,ga,Sapelo Island,"temp,spcond,sal,do_pct,do_mgl,ph,turb",
sap,sapcanut,Cabretta Creek,"31° 26' 37.32 N, 81° 14' 23.64 W",31.4437,81.2399,Active,Aug 2004-,ga,Sapelo Island,"no23f,po4f,chla_n,no3f,no2f,nh4f",
sap,sapcawq,Cabretta Creek,"31° 26' 37.32 N, 81° 14' 23.64 W",31.4437,81.2399,Active,Aug 2004-,ga,Sapelo Island,"temp,spcond,sal,do_pct,do_mgl,depth,ph,turb",
sap,sapdcnut,Dean Creek,"31° 23' 22.56 N, 81° 16' 44.04 W",31.3896,81.2789,Active,May 2004-,ga,Sapelo Island,"no23f,po4f,chla_n,no3f,no2f,nh4f",
sap,sapdcwq,Dean Creek,"31° 23' 22.56 N, 81° 16' 44.04 W",31.3896,81.2789,Active,May 2004-,ga,Sapelo Island,"temp,spcond,sal,do_pct,do_mgl,depth,ph,turb",
sap,sapfdnut,Flume Dock,"31° 28' 58.08 N, 81° 16' 3.00 W",31.4828,81.2675,Inactive,Mar 2002-Aug 2004,ga,Sapelo Island,"no23f,po4f,chla_n,no3f,no2f,nh4f",
sap,sapfdwq,Flume Dock,"31° 28' 58.08 N, 81° 16' 3.00 W",31.4828,81.2675,Inactive,Jan 1995-Dec 1998; Jun 2002-Aug 2004,ga,Sapelo Island,"temp,spcond,sal,do_pct,do_mgl,depth,ph,turb",
sap,saphdnut,Hunt Dock,"31° 28' 42.96 N, 81° 16' 23.16 W",31.4786,81.2731,Active,Mar 2002-,ga,Sapelo Island,"no23f,po4f,chla_n,no3f,no2f,nh4f",
sap,saphdwq,Hunt Dock,"31° 28' 42.96 N, 81° 16' 23.16 W",31.4786,81.2731,Active,Jul 1999-,ga,Sapelo Island,"temp,spcond,sal,do_pct,do_mgl,depth,ph,turb",
sap,sapldnut,Lower Duplin,"31° 25' 4.59 N, 81° 17' 45.77 W",31.417942,81.296047,Active,Jan 2002-,ga,Sapelo Island,"no23f,po4f,chla_n,no3f,no2f,nh4f",
sap,sapldwq,Lower Duplin,"31° 25' 4.59 N, 81° 17' 45.77 W",31.417942,81.296047,Active,Jan 1999-,ga,Sapelo Island,"temp,spcond,sal,do_pct,do_mgl,depth,ph,turb",R
sap,sapmlmet,Marsh Landing,"31° 25' 4.08 N, 81° 17' 43.26 W",31.4178,81.29535,Active,Sep 2002-,ga,Sapelo Island,"atemp,rh,bp,wspd,maxwspd,maxwspdt,wdir,sdwdir,totprcp,totpar,cumprcp,totsorad",R
sap,sapmlnut,Marsh Landing,"31° 25' 3.72 N, 81° 17' 45.96 W",31.4177,81.2961,Inactive,Jan 2002-2004,ga,Sapelo Island,"no23f,po4f,chla_n,no3f,no2f,nh4f",
sap,sapmlwq,Marsh Landing,"31° 25' 3.72 N, 81° 17' 45.96 W",31.4177,81.2961,Inactive,May 1995-Dec 1998; Jun 2002-May 2004,ga,Sapelo Island,"temp,spcond,sal,do_pct,do_mgl,depth,ph,turb",
sos,sosbhnut,Boathouse,"43° 21' 0.36 N, 124° 19' 42.96 W",43.3501,124.3286,Active,Mar 2003-,or,South Slough,"no23f,po4f,chla_n,no3f,no2f,nh4f,tide",
sos,soschnut,Charleston Bridge,"43° 20' 15.72 N, 124° 19' 13.92 W",43.3377,124.320533,Active,Jun 2002-,or,South Slough,"no23f,po4f,chla_n,no3f,no2f,nh4f,tide",
sos,soschwq,Charleston Bridge,"43° 20' 15.72 N, 124° 19' 13.92 W",43.3377,124.320533,Active,Apr 2002-,or,South Slough,"temp,spcond,sal,do_pct,do_mgl,depth,ph,turb,chlfluor",R
sos,soscmmet,Charleston Met. Station,"43° 20' 42.18 N, 124° 19' 43.44 W",43.34505,124.328733,Inactive,Aug 2001-May 2015,or,South Slough,"atemp,rh,bp,wspd,maxwspd,maxwspdt,wdir,sdwdir,totprcp,totpar,cumprcp",
sos,soscsnut,Charleston Bridge Surface,"43° 20' 42.36 N, 124° 19' 43.32 W",43.3451,124.3287,Inactive,Nov 2002-July 2003,or,South Slough,"no23f,po4f,chla_n,no3f,no2f,nh4f,tide",
sos,sossewq,Sengstacken Arm,"43° 17' 22.86 N, 124° 18' 9.42 W",43.289683,124.302617,Inactive,Apr 1995-Jun 2012,or,South Slough,"temp,spcond,sal,do_pct,do_mgl,depth,ph,turb,chlfluor",
sos,sosvanut,Valino Island,"43° 19' 1.98 N, 124° 19' 17.88 W",43.317217,124.321633,Active,Jun 2002-,or,South Slough,"no23f,po4f,chla_n,no3f,no2f,nh4f,tide",
sos,sosvawq,Valino Island,"43° 19' 1.98 N, 124° 19' 17.88 W",43.317217,124.321633,Active,Jun 1999-,or,South Slough,"temp,spcond,sal,do_pct,do_mgl,depth,ph,turb,chlfluor",R
sos,soswinut,Winchester Arm,"43° 16' 34.14 N, 124° 19' 11.11 W",43.27615,124.3197528,Active,Jun 2002-,or,South Slough,"no23f,po4f,chla_n,no3f,no2f,nh4f,tide",
sos,soswiwq,Winchester Arm,"43° 16' 56.70 N, 124° 19' 13.14 W",43.282417,124.320317,Active,Apr 1995-,or,South Slough,"temp,spcond,sal,do_pct,do_mgl,depth,ph,turb,chlfluor",R
tjr,tjrbrwq,Boca Rio,"32° 33' 33.70 N, 117° 7' 44.30 W",32.5593611,117.1289722,Active,Dec 2004-,ca,Tijuana River,"temp,spcond,sal,do_pct,do_mgl,depth,level,ph,turb",
tjr,tjrhpnut,Helicopter Pad,"32° 33' 31.46 N, 117° 7' 9.34 W",32.55874,117.11926,Inactive,Sep 2002-Sep 2002,ca,Tijuana River,"no23f,po4f,no3f,no2f,nh4f",
tjr,tjrmmnut,Model Marsh,"32° 32' 52.08 N, 117° 7' 22.80 W",32.5478,117.123,Inactive,Sep 2002-July 2008,ca,Tijuana River,"no23f,po4f,chla_n,no3f,no2f,nh4f",
tjr,tjrmmwq,Model Marsh,"32° 32' 52.08 N, 117° 7' 22.80 W",32.5478,117.123,Inactive,Oct 2000-Jan 2008,ca,Tijuana River,"temp,spcond,sal,do_pct,do_mgl,depth,ph,turb",
tjr,tjrosnut,Oneonta Slough,"32° 34' 6.00 N, 117° 7' 52.60 W",32.5683333,117.1312778,Active,Sep 2002-,ca,Tijuana River,"no23f,po4f,chla_n,no3f,no2f,nh4f",
tjr,tjroswq,Oneonta Slough,"32° 34' 6.00 N, 117° 7' 52.60 W",32.5683333,117.1312778,Active,Jan 1996-,ca,Tijuana River,"temp,spcond,sal,do_pct,do_mgl,depth,level,ph,turb,chlfluor",R
tjr,tjrrcnut,River Channel,"32° 33' 28.08 N, 117° 6' 21.96 W",32.5578,117.1061,Inactive,Sep 2002-Nov 2004,ca,Tijuana River,"no23f,po4f,chla_n,no3f,no2f,nh4f",
tjr,tjrrcwq,River Channel,"32° 33' 28.08 N, 117° 6' 21.96 W",32.5578,117.1061,Inactive,Aug 2002-Nov 2004,ca,Tijuana River,"temp,spcond,sal,do_pct,do_mgl,depth,ph,turb",
tjr,tjrrmnut,River Mouth,"32° 33' 13.32 N, 117° 7' 34.32 W",32.5537,117.1262,Inactive,Sep 2002-Dec 2002,ca,Tijuana River,"no23f,po4f,no3f,no2f,nh4f",
tjr,tjrtlmet,Tidal Linkage,"32° 34' 28.20 N, 117° 7' 37.20 W",32.5745,117.127,Active,Jan 2001-,ca,Tijuana River,"atemp,rh,bp,wspd,maxwspd,maxwspdt,wdir,sdwdir,totprcp,totpar,cumprcp",R
tjr,tjrtlnut,Tidal Linkage,"32° 34' 27.84 N, 117° 7' 37.92 W",32.5744,117.1272,Inactive,Sep 2002-Dec 2007,ca,Tijuana River,"no23f,po4f,chla_n,no3f,no2f,nh4f",
tjr,tjrtlwq,Tidal Linkage,"32° 34' 27.84 N, 117° 7' 37.92 W",32.5744,117.1272,Inactive,May 1997-Oct 2007,ca,Tijuana River,"temp,spcond,sal,do_pct,do_mgl,depth,ph,turb",
wel,weldnwq,Drake Island Downstream,"43° 19' 44.04 N, 70° 33' 37.08 W",43.3289,70.5603,Inactive,Apr 1996-Dec 1997,me,Wells,"temp,spcond,sal,do_pct,do_mgl,depth,ph,turb",
wel,welhtnut,Head of Tide,"43° 17' 54.05 N, 70° 35' 13.54 W",43.298347,70.587094,Active,May 2002-,me,Wells,"no23f,po4f,chla_n,no3f,no2f,nh4f",
wel,welhtwq,Head of Tide,"43° 17' 54.05 N, 70° 35' 13.54 W",43.298347,70.587094,Active,Apr 1995-,me,Wells,"temp,spcond,sal,do_pct,do_mgl,depth,level,ph,turb",R
wel,welinnut,Inlet,"43° 19' 12.32 N, 70° 33' 48.39 W",43.320089,70.563442,Active,May 2002-,me,Wells,"no23f,po4f,chla_n,no3f,no2f,nh4f",
wel,welinwq,Inlet,"43° 19' 12.32 N, 70° 33' 48.39 W",43.320089,70.563442,Active,May 1995-,me,Wells,"temp,spcond,sal,do_pct,do_mgl,depth,level,ph,turb,chlfluor",R
wel,wellfmet,Laudholm Farm,"43° 20' 14.64 N, 70° 32' 60.00 W",43.337375,70.549444,Active,Jan 2001-,me,Wells,"atemp,rh,bp,wspd,maxwspd,maxwspdt,wdir,sdwdir,totprcp,totpar,cumprcp",R
wel,wellmnut,Little River Mouth,"43° 20' 24.55 N, 70° 32' 26.17 W",43.340153,70.540603,Active,May 2002-,me,Wells,"no23f,po4f,chla_n,no3f,no2f,nh4f",
wel,wellmwq,Little River Mouth,"43° 20' 24.55 N, 70° 32' 26.17 W",43.340153,70.540603,Active,Apr 2002-,me,Wells,"temp,spcond,sal,do_pct,do_mgl,depth,ph,turb",
wel,welmlnut,Mile Road,"43° 18' 18.00 N, 70° 34' 35.04 W",43.305,70.5764,Inactive,May 2002-2003,me,Wells,"no23f,po4f,chla_n,no3f,no2f,nh4f",
wel,welmlwq,Mile Road,"43° 18' 18.00 N, 70° 34' 35.04 W",43.305,70.5764,Inactive,Mar 2002-Dec 2003,me,Wells,"temp,spcond,sal,do_pct,do_mgl,depth,ph,turb",
wel,welsmwq,Skinner Mill,"43° 20' 40.96 N, 70° 32' 57.18 W",43.344711,70.549217,Active,Apr 2004-,me,Wells,"temp,spcond,sal,do_pct,do_mgl,depth,ph,turb",R
wel,welupwq,Drake Island Upstream,"43° 19' 50.16 N, 70° 33' 25.92 W",43.3306,70.5572,Inactive,Apr 1996-Dec 1997,me,Wells,"temp,spcond,sal,do_pct,do_mgl,depth,ph,turb",
wkb,wkbfrnut,Fish River,"30° 24' 58.32 N, 87° 49' 22.08 W",30.4162,87.8228,Active,Feb 2002-,al,Weeks Bay,"no23f,po4f,chla_n,no3f,no2f,nh4f,tide",
wkb,wkbfrwq,Fish River,"30° 24' 58.32 N, 87° 49' 22.08 W",30.4162,87.8228,Active,Oct 1995-,al,Weeks Bay,"temp,spcond,sal,do_pct,do_mgl,depth,ph,turb",R
wkb,wkbmbnut,Middle Bay,"30° 23' 45.96 N, 87° 50' 0.60 W",30.3961,87.8335,Active,Feb 2002-,al,Weeks Bay,"no23f,po4f,chla_n,no3f,no2f,nh4f,tide",
wkb,wkbmbwq,Middle Bay,"30° 23' 45.96 N, 87° 50' 0.60 W",30.3961,87.8335,Active,May 2003-,al,Weeks Bay,"temp,spcond,sal,do_pct,do_mgl,depth,ph,turb",
wkb,wkbmrnut,Magnolia River,"30° 23' 24.00 N, 87° 49' 3.72 W",30.39,87.8177,Active,Feb 2002-,al,Weeks Bay,"no23f,po4f,chla_n,no3f,no2f,nh4f,tide",
wkb,wkbmrwq,Magnolia River,"30° 23' 24.00 N, 87° 49' 3.72 W",30.39,87.8177,Active,May 2003-,al,Weeks Bay,"temp,spcond,sal,do_pct,do_mgl,depth,ph,turb",
wkb,wkbwbmet,Weeks Bay,"30° 24' 53.28 N, 87° 49' 33.60 W",30.4148,87.826,Inactive,Jan 2001-Jan 2008,al,Weeks Bay,"atemp,rh,bp,wspd,maxwspd,maxwspdt,wdir,sdwdir,totprcp,totpar",
wkb,wkbwbnut,Weeks Bay,"30° 22' 50.88 N, 87° 49' 55.20 W",30.3808,87.832,Active,Feb 2002-,al,Weeks Bay,"no23f,po4f,chla_n,no3f,no2f,nh4f,tide",
wkb,wkbwbwq,Weeks Bay,"30° 22' 50.88 N, 87° 49' 55.20 W",30.3808,87.832,Active,Oct 1995-,al,Weeks Bay,"temp,spcond,sal,do_pct,do_mgl,depth,ph,turb",
wkb,wkbwsnut,Weather Station,"30° 24' 53.32 N, 87° 49' 33.60 W",30.41481,87.826,Inactive,Nov 2002-Dec 2004,al,Weeks Bay,"no23f,po4f,chla_n,no3f,no2f,nh4f,tide",
wqb,wqbcbwq,Central Basin,"41° 33' 55.80 N, 70° 31' 15.96 W",41.5655,70.5211,Inactive,Oct 1995-Dec 1998,ma,Waquoit Bay,"temp,spcond,sal,do_pct,do_mgl,depth,ph,turb",
wqb,wqbchmet,Carriage House,"41° 34' 54.12 N, 70° 31' 30.36 W",41.5817,70.5251,Active,Jan 2002-,ma,Waquoit Bay,"atemp,rh,bp,wspd,maxwspd,maxwspdt,wdir,sdwdir,totprcp,totpar,cumprcp",R
wqb,wqbcrnut,Childs River,"41° 34' 47.28 N, 70° 31' 51.24 W",41.5798,70.5309,Active,Jul 2002-,ma,Waquoit Bay,"no23f,po4f,chla_n,no3f,no2f,nh4f",
wqb,wqbcrwq,Childs River,"41° 34' 47.28 N, 70° 31' 51.24 W",41.5798,70.5309,Active,May 2002-,ma,Waquoit Bay,"temp,spcond,sal,do_pct,do_mgl,depth,ph,turb,chlfluor",
wqb,wqbctwq,Adjacent to Central Basin,"41° 33' 55.80 N, 70° 31' 15.96 W",41.5655,70.5211,Inactive,Sep 1998-Oct 1998,ma,Waquoit Bay,"temp,spcond,sal,do_pct,do_mgl,depth,ph,turb",
wqb,wqbmhnut,Menauhant,"41° 33' 9.36 N, 70° 32' 54.60 W",41.5526,70.5485,Active,Jul 2002-,ma,Waquoit Bay,"no23f,po4f,chla_n,no3f,no2f,nh4f",
wqb,wqbmhwq,Menauhant,"41° 33' 9.36 N, 70° 32' 54.60 W",41.5526,70.5485,Active,Mar 2001-,ma,Waquoit Bay,"temp,spcond,sal,do_pct,do_mgl,depth,ph,turb,chlfluor",R
wqb,wqbmpnut,Metoxit Point,"41° 34' 8.04 N, 70° 31' 17.76 W",41.5689,70.5216,Active,Jul 2002-,ma,Waquoit Bay,"no23f,po4f,chla_n,no3f,no2f,nh4f",
wqb,wqbmpwq,Metoxit Point,"41° 34' 8.04 N, 70° 31' 17.76 W",41.5689,70.5216,Active,Nov 1998-,ma,Waquoit Bay,"temp,spcond,sal,do_pct,do_mgl,depth,ph,turb,chlfluor",
wqb,wqbnbwq,North Basin,"41° 34' 43.68 N, 70° 31' 25.32 W",41.5788,70.5237,Inactive,Oct 1995-Dec 1997,ma,Waquoit Bay,"temp,spcond,sal,do_pct,do_mgl,depth,ph,turb",
wqb,wqbnswq,North Basin Surface,"41° 34' 43.68 N, 70° 31' 25.32 W",41.5788,70.5237,Inactive,Jul 1996-Jul 1996; Jul 1997-Dec 1997,ma,Waquoit Bay,"temp,spcond,sal,do_pct,do_mgl,depth,ph,turb",
wqb,wqbslnut,Sage Lot,"41° 33' 15.12 N, 70° 30' 30.20 W",41.5542,70.5084,Active,Jul 2002-,ma,Waquoit Bay,"no23f,po4f,chla_n,no3f,no2f,nh4f",
wqb,wqbslwq,Sage Lot,"41° 33' 15.12 N, 70° 30' 30.20 W",41.5542,70.5084,Active,May 2002-,ma,Waquoit Bay,"temp,spcond,sal,do_pct,do_mgl,depth,ph,turb,chlfluor",
gnd,gndpcwq,Point Aux Chenes Bay,"30° 20' 54.96 N, 88° 25' 6.60 W",30.3486,88.4185,Active,Aug 2005-,ms,Grand Bay,"temp,spcond,sal,do_pct,do_mgl,depth,ph,turb",
gnd,gndcrmet,Crooked Bayou,"30° 21' 33.12 N, 88° 25' 12.00 W",30.3592,88.42,Active,Aug 2004-,ms,Grand Bay,"atemp,rh,bp,wspd,maxwspd,maxwspdt,wdir,sdwdir,totprcp,totpar,cumprcp",R
grb,grbglmet,Greenland,"43° 3' 31.56 N, 70° 49' 49.38 W",43.058768,70.830383,Active,Oct 2005-,nh,Great Bay,"atemp,rh,bp,wspd,maxwspd,maxwspdt,wdir,sdwdir,totprcp,totpar,cumprcp",R
gnd,gndbhnut,Bayou Heron,"30° 25' 4.08 N, 88° 24' 19.44 W",30.4178,88.4054,Active,Feb 2005 -,ms,Grand Bay,"no23f,po4f,chla_n,no2f,nh4f",
gnd,gndcrnut,Crooked Bayou,"30° 21' 32.76 N, 88° 25' 12.00 W",30.3591,88.42,Inactive,Feb 2005 - July 2005,ms,Grand Bay,"no23f,po4f,chla_n,no2f,nh4f",
gnd,gndpcnut,Point Aux Chenes,"30° 20' 54.96 N, 88° 25' 6.60 W",30.3486,88.4185,Active,Feb 2005 -,ms,Grand Bay,"no23f,po4f,chla_n,nh4f",
gnd,gndbcnut,Bayou Cumbest,"30° 23' 0.96 N, 88° 26' 11.04 W",30.3836,88.4364,Active,Feb 2005 -,ms,Grand Bay,"no23f,po4f,chla_n,no3f,no2f,nh4f",
gnd,gndblnut,Bangs Lake,"30° 21' 25.56 N, 88° 27' 46.44 W",30.3571,88.4629,Active,Feb 2005 -,ms,Grand Bay,"no23f,po4f,chla_n,no3f,no2f,nh4f",
gnd,gndbnnut,Bangs Lake North,"30° 22' 0.84 N, 88° 28' 15.60 W",30.3669,88.4711,Active,Feb 2005 -,ms,Grand Bay,"no23f,po4f,chla_n,nh4f",
sfb,sfbrrmet,Rush Ranch,"38° 12' 01.6 N, 122° 1' 35.3 W",38.2004,122.0265,Active,Aug 2006 -,ca,San Francisco Bay,"atemp,rh,bp,wspd,maxwspd,maxwspdt,wdir,sdwdir,totprcp,totpar,cumprcp",R
sfb,sfbccwq,China Camp,"38° 0' 4.49 N, 122° 27' 37.28 W",38.0012,122.4604,Active,Mar 2005-,ca,San Francisco Bay,"temp,spcond,sal,do_pct,do_mgl,depth,ph,turb",R
mar,marcewq,Copano Bay East,"28° 7' 56.28 N, 97° 2' 3.84 W",28.1323,97.0344,Active,Apr 2007-,tx,Mission Aransas,"temp,spcond,sal,do_pct,do_mgl,depth,level,ph,turb,chlfluor",R
mar,marabwq,Aransas Bay,"27° 58' 47.28 N, 97° 1' 43.32 W",27.9798,97.0287,Active,Apr 2007-,tx,Mission Aransas,"temp,spcond,sal,do_pct,do_mgl,depth,level,ph,turb,chlfluor",R
mar,marmbwq,Mesquite Bay,"28° 8' 18.24 N, 96° 49' 42.60 W",28.1384,96.8285,Active,Jan 2008-,tx,Mission Aransas,"temp,spcond,sal,do_pct,do_mgl,depth,level,ph,turb,chlfluor",R
mar,marcwwq,Copano Bay West,"28° 5' 2.76 N, 97° 12' 3.24 W",28.0841,97.2009,Active,Jul 2007-,tx,Mission Aransas,"temp,spcond,sal,do_pct,do_mgl,depth,level,ph,turb,chlfluor",R
mar,marcemet,Copano East,"28° 7' 56.28 N, 97° 2' 3.84 W",28.1323,97.0344,Active,Nov 2006-,tx,Mission Aransas,"atemp,rh,bp,wspd,maxwspd,maxwspdt,wdir,sdwdir,totprcp,totpar,cumprcp",R
wel,welsmnut,Skinner Mill,"43° 20' 40.96 N, 70° 32' 57.18 W",43.344711,70.549217,Active,Apr 2004-,me,Wells,"no23f,po4f,chla_n,nh4f",
tjr,tjrbrnut,Boca Rio,"32° 33' 33.70 N, 117° 7' 44.30 W",32.5593611,117.1289722,Active,Dec 2004-,ca,Tijuana River,"no23f,po4f,chla_n,no3f,no2f,nh4f",
mar,marscwq,Ship Channel,"27° 50' 17.88 N, 97° 3' 0.0 W",27.8383,97.0503,Active,Aug 2007 -,tx,Mission Aransas,"temp,spcond,sal,do_pct,do_mgl,depth,ph,turb,chlfluor",R
tjr,tjrsbwq,South Bay,"32° 36' 3.60 N, 117° 6' 57.00 W",32.601,117.1158333,Active,Jan 2008-,ca,Tijuana River,"temp,spcond,sal,do_pct,do_mgl,depth,level,ph,turb,chlfluor",
owc,owcdrwq,Darrow Road,"41° 21' 54.00 N, 82° 30' 17.06 W",41.365,82.504722,Active,Aug 2007-,oh,Old Woman Creek,"temp,spcond,sal,do_pct,do_mgl,depth,ph,turb",R
sfb,sfbfmwq,First Mallard,"38° 11' 41.70 N, 122° 1' 58.02 W",38.1949,122.0328,Active,May 2008-,ca,San Francisco Bay,"temp,spcond,sal,do_pct,do_mgl,depth,ph,turb",R
sfb,sfbsmwq,Second Mallard,"38° 11' 02.8 N, 122° 0' 48.9 W",38.1841,122.0136,Active,May 2008-,ca,San Francisco Bay,"temp,spcond,sal,do_pct,do_mgl,depth,ph,turb",R
sfb,sfbgcwq,Gallinas Creek,"38° 00' 57.3 N, 122° 30' 30.6 W",38.0159,122.5085,Active,Dec 2005-,ca,San Francisco Bay,"temp,spcond,sal,do_pct,do_mgl,depth,ph,turb",R
wkb,wkbshmet,Safe Harbor Met Station,"30° 25' 16.40 N, 87° 49' 42.50 W",30.4212,87.8285,Active,Jan 2008-,al,Weeks Bay,"atemp,rh,bp,wspd,maxwspd,maxwspdt,wdir,sdwdir,totprcp,totpar,cumprcp",R
tjr,tjrpewq,Pond Eleven,"32° 36' 3.54 N, 117° 06' 58.46 W",32.60098,117.11624,Inactive,Jul 2008 - Sept 2010,ca,Tijuana River,"temp,spcond,sal,do_pct,do_mgl,depth,ph,turb",
pdb,pdbjewq,Joe Leary Estuary,"48° 31' 8.09 N, 122° 28' 29.74 W",48.518914,122.474928,Active,Jul 2009 -,wa,Padilla Bay,"temp,spcond,sal,do_pct,do_mgl,depth,ph,turb",
owc,owcdrnut,Darrow Road,"41° 21' 54.00 N, 82° 30' 17.06 W",41.365,82.504722,Active,Aug 2007 -,oh,Old Woman Creek,"po4f,nh4f,no2f,no3f,no23f,chla_n",
mar,marabnut,Aransas Bay,"27° 58' 47.28 N, 97° 1' 43.32 W",27.9798,97.0287,Active,Jun 2007 -,tx,Mission Aransas,"po4f,nh4f,no23f,chla_n",
mar,marcenut,Copano Bay East,"28° 7' 56.28 N, 97° 2' 3.84 W",28.1323,97.0344,Active,Jun 2007 -,tx,Mission Aransas,"po4f,nh4f,no23f,chla_n",
mar,marcwnut,Copano Bay West,"28° 5' 2.76 N, 97° 12' 3.24 W",28.0841,97.2009,Active,Jun 2007 -,tx,Mission Aransas,"po4f,nh4f,no23f,chla_n",
mar,marscnut,Ship Channel,"27° 50' 17.88 N, 97° 3' 0.0 W",27.8383,97.0503,Active,Jun 2007 -,tx,Mission Aransas,"po4f,nh4f,no23f,chla_n",
pdb,pdbgdnut,Gong Deep,"48° 33' 27.00 N, 122° 34' 21.00 W",48.5575,122.5725,Active,Jan 2007 -,wa,Padilla Bay,"no23f,po4f,chla_n,no3f,no2f,nh4f",
del,deltbnut,Taylor's Bridge,"39° 24' 17.6 N, 75° 35' 58.4 W",39.4049,75.5996,Active,Jan 2007-,de,Delaware,"po4f,nh4f,no2f,no3f,no23f,chla_n",
mar,marmbnut,Mesquite Bay,"28° 8' 18.24 N, 96° 49' 42.60 W",28.1384,96.8285,Active,Jan 2008 -,tx,Mission Aransas,"po4f,nh4f,no23f,chla_n",
tjr,tjrsbnut,South Bay,"32° 36' 3.60 N, 117° 6' 57.00 W",32.601,117.1158333,Active,Jan 2008 -,ca,Tijuana River,"po4f,nh4f,no23f,chla_n",
tjr,tjrpenut,Pond Eleven,"32° 36' 3.54 N, 117° 6' 58.46 W",32.60098,117.11624,Inactive,Jul 2008-Dec 2011,ca,Tijuana River,"po4f,nh4f,no23f,chla_n",
sfb,sfbfmnut,First Mallard,"38° 11' 41.70 N, 122° 1' 58.02 W",38.1949,122.0328,Active,May 2008 -,ca,San Francisco Bay,"po4f,nh4f,no2f,no3f,no23f,chla_n",
sfb,sfbsmnut,Second Mallard,"38° 11' 02.8 N, 122° 0' 48.9 W",38.1841,122.0136,Active,May 2008 -,ca,San Francisco Bay,"po4f,nh4f,no2f,no3f,no23f,chla_n,urea",
pdb,pdbjenut,Joe Leary Estuary,"48° 31' 8.09 N, 122° 28' 29.74 W",48.518914,122.474928,Active,Oct 2009 -,wa,Padilla Bay,"nh4f,no2f,no3f,no23f,po4f,phosh,chla_n",
sos,sosecwq,Elliot Creek,"43 17 47.40 N, 124 18 39.62 W",43.296501,124.310729,Active,May 2012 -,OR,South Slough,"temp,spcond,sal,do_pct,do_mgl,depth,ph,turb,chlfluor",R
kac,kach3wq,Homer Surface 3,"59° 36' 7.38 N, 151° 24' 33.90 W",59.60205,151.40942,Active,Jun 2012 -,AK,Kachemak Bay,"temp,spcond,sal,do_pct,do_mgl,depth,ph,turb,chlfluor",
lks,lksolwq,Oliver Bridge,"46° 39' 24.66 N, 92° 12' 5.98 W",46.65685,92.20166,Active,Jul 2012 -,WI,Lake Superior,"temp,spcond,sal,do_pct,do_mgl,depth,ph,turb",
lks,lkspomet,Pokegama Bay,"46° 40' 20.50 N, 92° 8' 8.21 W",46.67236,92.135614,Active,Aug 2013 -,WI,Lake Superior,"atemp,rh,bp,wspd,maxwspd,maxwspdt,wdir,sdwdir,totprcp,totpar,cumprcp",R
lks,lksblwq,Blatnik Bridge,"46° 44' 55.14 N, 92° 06' 0.97 W",46.748649,92.10027,Active,Jul 2012 -,WI,Lake Superior,"temp,spcond,sal,do_pct,do_mgl,depth,ph,turb",
lks,lksbawq,Barker's Island,"46° 43' 18.38 N, 92° 03' 48.67 W",46.721772,92.06352,Active,Jun 2012 -,WI,Lake Superior,"temp,spcond,sal,do_pct,do_mgl,depth,ph,turb",R
sfb,sfbccnut,China Camp,"38° 0' 4.49 N, 122° 27' 37.28 W",38.0012,122.4604,Active,Jan 2006 -,CA,San Francisco Bay,,
sfb,sfbgcnut,Gallinas Creek,"38° 0' 57.3 N, 122° 30' 30.6 W",38.0159,122.5085,Active,Jan 2006 -,CA,San Francisco Bay,,
rkb,rkbpbnut,Pumpkin Bay,"25° 54' 50.76 N, 81° 32' 25.44 W",25.9141,81.5404,Active,Oct 2012 -,FL,Rookery Bay,,
lks,lksbanut,Barker's Island,"46° 43' 18.38 N, 92° 03' 48.67 W",46.721772,92.06352,Active,May 2012 -,WI,Lake Superior,,
lks,lksblnut,Blatnik Bridge,"46° 44' 55.14 N, 92° 06' 0.97 W",46.748649,92.10027,Active,May 2012 -,WI,Lake Superior,,
lks,lksolnut,Oliver Bridge,"46° 39' 24.66 N, 92° 12' 5.98 W",46.65685,92.20166,Active,May 2012 -,WI,Lake Superior,,
lks,lkspowq,Pokegama Bay,"46° 40' 20.50 N, 92° 8' 8.21 W",46.67236,92.135614,Active,Oct 2013 -,WI,Lake Superior,"temp,spcond,sal,do_pct,do_mgl,depth,ph,turb",
lks,lksponut,Pokegama Bay,"46° 40' 20.50 N, 92° 8' 8.21 W",46.67236,92.135614,Active,May 2013 -,WI,Lake Superior,,
tjr,tjrprwq,Pond Eleven Restored,"32° 35' 45.90 N, 117° 07' 5.59 W",32.5960833,117.1181944,Active,Jan 2012 -,CA,Tijuana River,"temp,spcond,sal,do_pct,do_mgl,depth,level,ph,turb,chlfluor",
tjr,tjrprnut,Pond Eleven Restored,"32° 35' 45.90 N, 117° 07' 5.50 W",32.5960833,117.1181944,Active,Jan 2012 -,CA,Tijuana River,,
kac,kacapmet,Anchor Point,"59° 46' 12.94 N, 151° 52' 3.22 W",59.77026,151.86756,Active,Jan 2014 -,AK,Kachemak Bay,"atemp,rh,bp,wspd,maxwspd,maxwspdt,wdir,sdwdir,totprcp,totpar,cumprcp",R
ace,aceeiwq,Edisto Island,"32° 30' 14.40 N, 80° 19' 28.92 W",32.504,80.324700000000007,Active,Jan 2015-,SC,Ashepoo Combahee Edisto Basin,"temp,spcond,sal,do_pct,do_mgl,depth,ph,turb",
ace,aceeinut,Edisto Island,"32° 30' 14.40 N, 80° 19' 28.92 W",32.504,80.324700000000007,Active,Jan 2015-,SC,Ashepoo Combahee Edisto Basin,,
ace,acegpwq,Grove Plantation,"32° 29' 49.32 N, 80° 24' 46.80 W",32.6637,80.413,Active,Jan 2015-,SC,Ashepoo Combahee Edisto Basin,"temp,spcond,sal,do_pct,do_mgl,depth,ph,turb",R
ace,acejiwq,Jehossee Island,"32° 29' 49.32 N, 80° 24' 46.80 W",32.6209,80.3965,Active,Jan 2015-,SC,Ashepoo Combahee Edisto Basin,"temp,spcond,sal,do_pct,do_mgl,depth,ph,turb",
mar,marscmet,Ship Channel,"27° 50' 17.20 N, 97° 3' 0.79 W",27.83811,97.05022,Active,Sep 2015-,TX,Mission Aransas,"atemp,rh,bp,wspd,maxwspd,maxwspdt,wdir,sdwdir,totprcp,totpar,cumprcp",R
niw,niwwswq,Winyah Bay Surface,"33° 18' 33.93 N, 79° 17' 19.52 W",33.309425,79.2887556,Active,Jun 2016-,SC,North Inlet-Winyah Bay,"temp,spcond,sal,do_pct,do_mgl,depth,ph,turb,chlfluor",R
niw,niwwbwq,Winyah Bay Bottom,"33° 18' 33.93 N, 79° 17' 19.52 W",33.309425,79.2887556,Active,Jun 2016-,SC,North Inlet-Winyah Bay,"temp,spcond,sal,do_pct,do_mgl,depth,ph,turb",R
gnd,gndhsnut,Bayou Heron Surface,"30° 25' 4.08 N, 88° 24' 19.44 W",30.4178,88.4054,Active,Feb 2005-,MS,Grand Bay,,
sos,sostcmet,Tom's Creek,"43° 16' 44.86 N, 124° 19' 06.01 W",43.279129,124.318367,Active,Oct 2016-,OR,South Slough,"atemp,rh,bp,wspd,maxwspd,maxwspdt,wdir,sdwdir,totprcp,totpar,cumprcp",R
rkb,rkbpbwq,Pumpkin Bay,"25° 54' 50.76 N, 81° 32' 25.44 W",25.9141,81.5404,Active,Jul 2016-,FL,Rookery Bay,"temp,spcond,sal,do_pct,do_mgl,depth,ph,turb",
apa,apapcwq,Pilots Cove,"29° 36' 3.60 N, 85° 01' 39.72 W",29.601,85.0277,Active,Jan 2017-,FL,Apalachicola Bay,"temp,spcond,sal,do_pct,do_mgl,depth,ph,turb",
apa,apalmwq,Little St Marks River,"29° 45' 20.48 N, 85° 00' 12.69 W",29.755689,85.003525,Active,Jan 2017-,FL,Apalachicola Bay,"temp,spcond,sal,do_pct,do_mgl,depth,ph,turb",
cbv,cbvspwq,Sweethall Pier,"37° 34' 17.03 N, 76° 53' 02.36 W",37.571398,76.88399,Active,Nov 2016-,VA,Chesapeake Bay,"temp,spcond,sal,do_pct,do_mgl,depth,ph,turb",R
cbv,cbvspnut,Sweethall Pier,"37° 34' 17.03 N, 76° 53' 02.36 W",37.571398,76.88399,Active,Nov 2016-,VA,Chesapeake Bay,,
hud,hudnpwq,Norrie Point,"41° 49' 54 N, 73° 56' 32 W",41.83167,73.94194,Active,Jan 2018-,NY,Hudson River,"temp,spcond,sal,do_pct,do_mgl,depth,ph,turb,chlfluor",R
hud,hudnpmet,Norrie Point,"41° 49' 53 N, 73° 56' 32 W",41.83139,73.94222,Active,Jan 2018-,NY,Hudson River,"atemp,rh,bp,wspd,maxwspd,maxwspdt,wdir,sdwdir,totprcp,totpar,cumprcp",R
pdb,pdbgdwq,Gong Deep,"48° 33' 27.00 N, 122° 34' 21.00 W",48.5575,122.5725,Active,Oct 2016-,WA,Padilla Bay,"temp,spcond,sal,do_pct,do_mgl,depth,ph,turb",
hee,heew2wq,Wai 2,"21° 26' 17.92 N, 157° 48' 39.35 W",21.43831,157.81093,Active,Oct 2019-,HI,Heeia,"temp,spcond,sal,do_pct,do_mgl,depth,ph,turb,chlfluor",
hee,heekbmet,Kakoo Bridge,"21° 26' 05.97 N, 157° 48' 41.09 W",21.434992,157.811413,Active,Oct 2019-,HI,Heeia,,
hee,heew2nut,Wai 2,"21° 26' 17.92 N, 157° 48' 39.35 W",21.43831,157.81093,Active,Jan 2019-,HI,Heeia,,
hud,hudbmwq,Bear Mountain,"41° 18' 51.62 N, 73° 59' 6.81 W",41.3143389,73.985225,Active,Jan 2020-,NY,Hudson River,"temp,spcond,sal,do_pct,do_mgl,depth,ph,turb,chlfluor",R
cbm,cbmmbwq,Monie Bay,"38° 12' 30.78 N, 75° 48' 16.50 W",38.20855,75.804583,Active,Jan 2020-,MD,Chesapeake Bay,"temp,spcond,sal,do_pct,do_mgl,depth,ph,turb,chlfluor",
hee,heer9wq,Reef 9,"21° 26' 46.61 N, 157° 48' 06.59 W",21.44628,157.80183,Active,Feb 2020-,HI,Heeia,"temp,spcond,sal,do_pct,do_mgl,depth,ph,turb,chlfluor",
ace,acefjwq,Fort Johnson,"32° 45' 11.98 N, 79° 53' 56.37 W",32.753327,79.898991,Active,Jul 2020-,SC,Ashepoo Combahee Edisto Basin,"temp,spcond,sal,do_pct,do_mgl,depth,ph,turb,chlfluor",R
hee,heekkwq,Kahookele,"21° 26' 08.95 N, 157° 48' 18.86 W",21.43582,157.80524,Active,Sep 2020-,HI,Heeia,"temp,spcond,sal,do_pct,do_mgl,depth,ph,turb,chlfluor",
